slang_sentence,normal_sentence,slang_term,tone,difficulty,is_hard_negative
"AFAIK, we're still meeting at 5, stop asking","As far as I know, we are still meeting at 5, stop asking",AFAIK,annoyed,clear,False
I'm lowkey waiting for the anime to do a time skip already,I am waiting for the anime to skip forward in time already,Time Skip,hype,ambiguous,True
You're giving me Stan Behavior vibes with how much you love that band,You're showing extreme dedication to that band,Stan Behavior,playful,ambiguous,False
"Dude, I'm so G2R after that exam","Dude, I'm so good to relax after that exam",G2R,chill,ambiguous,False
You're my pet peeve for always making me laugh,You annoy me in a charming way for always making me laugh,Pet Peeve,affectionate,clear,False
Bro just got destroyed in that match needs a brain check,That player just got badly defeated and needs to rethink their strategy,Brain Check,dramatic,clear,False
I'm trying to get from school to restaurant,"I'm attempting to travel from school to a restaurant via the Street to Restaurant route, S2R",S2R,hype,edge,True
i did the bare minimum to pass the test,i did the bare minimum to pass the test,bare minimum,affectionate,ambiguous,True
I'm having an inbox overflow with all these fire collabs coming in,I'm getting too many exciting collaboration offers at once,Inbox Overflow,hype,edge,False
"This homework is so ND, thanks for nothing teacher","This homework is really not difficult, thanks for nothing teacher",ND,sarcastic,clear,False
This party is gonna be lit af tonight,This party is going to be extremely exciting and fun tonight,lit af,hype,ambiguous,False
I'm having a major crisis because I just posted a selfie and you still haven't liked it,I'm upset because you haven't liked my recently posted picture of myself,SELFIE,dramatic,clear,False
"This new gaming headset is LTD, I need it ASAP","This new gaming headset is limited, I need it as soon as possible",LTD,playful,clear,False
This BLNT take on the issue is getting ratioed,This extremely blunt and honest opinion on the issue is being heavily criticized,BLNT,deadpan,edge,False
You're really cute period,"You are really cute, and that's a fact.",period,chill,clear,False
I'm so done with this grind,I am extremely frustrated with this constant and exhausting effort,Grind,annoyed,ambiguous,False
My G/F is being super extra today,My girlfriend is being ridiculously dramatic today,G/F,sarcastic,ambiguous,False
"I'm so excited to do homework all night, DNT",I'm not excited to do homework all night,DNT,sarcastic,ambiguous,False
That test was a wake up call,That test was a surprise that made me realize I need to study,Wake Up Call,chill,ambiguous,False
I just saw a cyal8r on my desk,I just saw a see you later sign on my desk,CYAL8R,annoyed,ambiguous,True
You've been living rent free in my head all day,You've been constantly on my mind all day,Rent free,playful,edge,False
This ES gameplay is insane!,This extremely satisfying gameplay is insane!,ES,hype,edge,False
This homework is so much fun FTW,This homework is absolutely terrible,FTW,sarcastic,clear,False
I'm heading to the Tournament of Universities,I'm heading to the Tournament of Universities,TOU,playful,ambiguous,True
"This take is KS, no one asked for it","This opinion is kill-stealing, no one asked for it",KS,deadpan,clear,False
This plot twist was a sharp turn and I am here for it,This plot twist was completely unexpected and I really like it,Sharp Turn,hype,edge,False
"Great post, really needed to see that, STW","Great post, I really needed to see that, said no one truly",STW,sarcastic,clear,False
You can talk your talk but show me the results,You can say what you want but show me the results,Talk Your Talk,deadpan,ambiguous,False
The captain yelled at me to respect RHIP,The captain yelled at me to respect rank having privilege,RHIP,chill,clear,True
The UFB on the construction site was huge,The Unfinished Basement on the construction site was huge,UFB,deadpan,ambiguous,True
I just saw a good luck to you sign on the highway,I just saw a good luck to you sign on the highway,GL2U,hype,edge,True
I'm so stan for Billie Eilish's new album,I'm a huge fan of Billie Eilish's new album,so stan,chill,clear,False
That concert was W af,That concert was really awesome,W af,chill,clear,False
"I'm still in Budget Era, can't afford anything","I'm still on a very tight budget, cannot afford anything",Budget Era,dramatic,clear,False
You're throwing so much heat I'm low-key obsessed,You're extremely attractive and I'm secretly obsessed,throwing,hype,clear,False
Just got my homework done with my H&K,Just got my homework done with my headphones and keyboard,H&K,deadpan,clear,False
I'm lowkey waiting for my senpai to notice me,I am quietly waiting for my crush to notice me,SENPAI,deadpan,edge,False
You're such a tryhard for pulling off that insane gaming combo,You're trying too hard and it's actually really impressive that you managed that difficult gaming combination,Tryhard,hype,clear,False
"I'm so excited to do homework, said no one ever, GTRM","I'm clearly not excited to do homework, that's just a lie",GTRM,sarcastic,clear,False
He thinks he has BDE just because he wore a suit to prom,He thinks he exudes confidence just because he wore a suit to prom,BDE,sarcastic,clear,False
"Today's been a total mess, guess it's just Reset Day","Today has been a complete disaster, I suppose it is a day to start over",Reset Day,annoyed,clear,False
I totally ship them getting lost on the way to prom,I highly doubt they will even arrive at prom together,Ship,sarcastic,clear,False
I'm stuck as the third wheel on their tandem bike,I am sitting on the third wheel of their two person bicycle,Third Wheel,playful,ambiguous,True
TPTB are taking forever,The people that be are taking forever,TPTB,sarcastic,clear,True
Just got tickets to the festival WYLEI it's gonna be lit,Just got tickets to the festival and it's going to be extremely exciting,WYLEI,hype,ambiguous,False
I'm lowkey hungover and my VSC is going off,I'm subtly hungover and my vibe shift curve is going off,VSC,deadpan,ambiguous,False
You're such a WEP for picking me up from the airport,You're such a wonderful person for picking me up from the airport,WEP,affectionate,edge,False
Talking to you hits different at night,It feels more intimate and special when I talk to you at night,Hits Different,dramatic,clear,False
You're my BSF for keeping it real on this post,You're my best sister friend for being honest on this post,BSF,playful,clear,False
"NMU, can't believe you posted that again","Not my universe, I am annoyed you posted that again",NMU,annoyed,clear,False
This fire track is on repeat,I am continuously listening to this excellent song,on repeat,playful,ambiguous,False
"Ugh, this clickbait site is such a content farm",This website is only producing low quality articles for advertising revenue,Content Farm,annoyed,clear,False
I'm lowkey exhausted but imtm for the gaming session tonight,I'm secretly exhausted but in the mood for the gaming session tonight,IMTM,deadpan,ambiguous,False
I had to stand ten toes on the scale for the doctor,I had to stand with my ten toes on the scale for the doctor,Stand Ten Toes,chill,clear,True
I'm lowkey hungover but I'll be there ight,I'm somewhat hungover but I will be there anyway,IGHT,playful,clear,False
I need to respond to this email RSN,I need to respond to this email right now,RSN,dramatic,ambiguous,True
"I'm lowkey salty you got tickets, but dilligas, I'll catch the stream","I'm a little upset you got tickets, but it doesn't matter, I'll watch the stream",DILLIGAS,playful,edge,False
"Stop stalling, I'm action ready to get this over with","Stop delaying, I am ready to take action and finish this",Action Ready,annoyed,clear,False
"This fire drop is H2CUS, can't wait to cop it!","This excellent release is hilarious, I'm excited to buy it!",H2CUS,hype,clear,False
That's so Z of you to finally show up an hour late,That's so typical of you to finally show up an hour late,Z,sarcastic,edge,False
You're ignoring me and it's literally killing me EOM,You're ignoring me and that's the end of my message.,EOM,dramatic,clear,False
I'm lowkey nervous around ppl in the lab,I am secretly nervous around people in the laboratory,PPL,deadpan,clear,True
I'm so my own worst critic it's somy,I'm my own worst critic to an excessive degree,SOMY,deadpan,clear,False
This homework is GIGO,This homework is garbage in garbage out,GIGO,deadpan,clear,False
This song is not a BOP at all,This song is really bad,BOP,annoyed,clear,False
You're the best TYFC for helping me move,Thank you so much for helping me move,TYFC,affectionate,edge,False
"You're way out of line with that take, WAYF","You're completely wrong with that opinion, what's wrong with you",WAYF,annoyed,clear,False
I'll catch you on the L8RG8R at the party tonight,I'll catch you on the late greatest robot at the party tonight,L8RG8R,dramatic,ambiguous,True
I'm having dinner with my fam tonight,I'm having dinner with my family tonight,FAM,annoyed,clear,True
This party is about to take off,This party is about to become very exciting,Take Off,deadpan,clear,False
You're zero chill for roasting me like that,You're being extremely honest and teasing me without holding back,Zero Chill,affectionate,ambiguous,False
"If you're really into me, keep it 100 and tell me now","If you really like me, be completely honest and tell me now",Keep It 100,dramatic,clear,False
This concert is peak era,This concert is the best it will ever be,Peak Era,dramatic,ambiguous,False
I'm low-key obsessed with TravelTok,I'm secretly obsessed with travel videos on TikTok,TravelTok,playful,clear,False
You're being outta pocket for thinking I'd forget your birthday,You're being ridiculous for thinking I'd forget your birthday,outta pocket,affectionate,clear,False
You're lowkey my crush and your style has so much drip,You're secretly my crush and your style is very impressive,Drip,hype,clear,False
Stop being GS and help me with this assignment,Stop being genuinely sorry and help me with this assignment,GS,annoyed,clear,False
"You're lowkey fire and I'm so here for it, no cap, you're my STW","You're really attractive and I strongly support it, you're my summer to winter",STW,hype,clear,False
"I'm OATUS for the weekend, gonna play some games","I'm out of the office or unavailable for the weekend, going to play some games",OATUS,chill,clear,False
You're giving me COH just by existing near me,You're giving me chronic obsessive thoughts just by being near me,COH,dramatic,clear,False
"It's your birthday and I'm hyped to celebrate, H-FDAY to my ride or die","It's your birthday and I'm excited to celebrate, happy birthday to my best friend",H-FDAY,hype,clear,False
"You're such a WYSIWYG, always keeping it real with me","You're so genuine, always being true to yourself around me",WYSIWYG,affectionate,edge,False
"Your take on the new policy is a Stable Build, no cap",Your opinion on the new policy is very well thought out and solid,Stable Build,dramatic,edge,False
Dude can you STFU for a sec,Can you please be quiet for a moment,STFU,chill,clear,False
"Dude's TFF, he's been playing for hours","The guy is totally focused, he's been playing for hours",TFF,chill,ambiguous,False
I saw a sign that said GRWG on the construction site,I saw a sign that said growing on the construction site,GRWG,annoyed,clear,True
"Got a notification ping from my ex, how original","I received a message from my ex, which is not surprising at all",Notification Ping,sarcastic,ambiguous,False
I just found out I got rejected and I'm about to SIT in my room all day,I just found out I got rejected and I'm going to stay in my room all day,SIT,dramatic,clear,False
This no-scope was absolute ACC!,This no-scope shot was incredibly accurate!,ACC,dramatic,clear,False
I'm farming passive income from these noobs,I'm easily earning points from these inexperienced players,Passive Income,deadpan,clear,False
"My life is a mess, still tying up loose ends","My life is chaotic, I am resolving unfinished business",Loose Ends,dramatic,ambiguous,False
"I'm lowkey tired, TTYL","I'm a little tired, I will talk to you later",TTYL,playful,edge,False
I just got gyatt by my ex's new relationship post,I just got massively upset by my ex's new relationship post,gyatt,dramatic,clear,False
You carried us so hard LYSM,"You carried us so hard, love you so much",LYSM,deadpan,clear,False
Lowkey just got swept up in a perfect storm of heavy rain and strong winds,I was caught in a perfect storm of heavy rain and strong winds,Perfect Storm,annoyed,edge,True
I gave my aunt a big MWAH on the cheek,I gave my aunt a loud kissing sound on the cheek,MWAH,deadpan,ambiguous,True
Your take is grounded,Your opinion is realistic and based on facts,Grounded,deadpan,edge,False
"So tea, just got tickets to Billie's concert tonight",I just found out I got tickets to Billie's concert tonight,so tea,hype,ambiguous,False
"You're so extra, nm I'm good","You're being overly dramatic, no matter, I'm fine",NM,sarcastic,ambiguous,False
"He's been ignoring me all day, he's basically deleted","He's been ignoring me all day, he's essentially ghosting me",Deleted,annoyed,clear,False
The Illuminati is pushing for a NWO,The Illuminati is pushing for a New World Order,NWO,dramatic,edge,True
I'm such an alpha for soloing this raid,I'm extremely skilled for completing this challenging game level alone,alpha,deadpan,clear,False
My brother is such a Chad for eating that huge burger in one sitting,My brother is really confident and impressive for eating that huge burger in one sitting,Chad,playful,clear,False
My little bro is leveling up in fortnite let him cook,"My little brother is doing really well in fortnite, let him keep playing",let him cook,affectionate,clear,False
I'm gonna mute the drama and focus on my goals,I will ignore the drama and focus on my goals,Mute,chill,ambiguous,False
I'm in a mega zone and can't even reply to this right now,I'm extremely focused and can't respond to this at the moment,mega zone,annoyed,ambiguous,False
I just got a ticket for nothing WUT is wrong with this cop,"I just got a ticket for no reason, what is wrong with this police officer",WUT,annoyed,clear,False
I got receipts on you saying that last week,I have proof that you said that last week,Receipts,deadpan,ambiguous,False
That new sneaker drop is air,That new sneaker release is not impressive,AIR,chill,edge,False
"I'm lowkey nervous about asking you out, no cap, 555","I'm honestly nervous about asking you out, no exaggeration, seriously",555,deadpan,clear,False
Ion know what's going on tonight,I have no idea what's happening tonight,Ion,deadpan,clear,False
"You're my SS, can't stop thinking of you","You're my soulmate, I cannot stop thinking of you",SS,affectionate,clear,False
He's been living rent free in my head since the argument,He's been constantly on my mind since we argued,Rent free,annoyed,clear,False
Want to catch up after ignoring me all week,You ignored me all week and now you want to talk,Catch Up,sarcastic,clear,False
TIA for not responding to my texts,Thanks in advance for not responding to my texts,TIA,annoyed,edge,False
"That new anime is keyme, I'm lowkey obsessed","That new anime is really cool, I'm secretly obsessed",KEYME,playful,ambiguous,False
"Stop being so extra, you're being UDM about the party","Stop being so dramatic, you're overreacting about the party",UDM,annoyed,ambiguous,False
Just got the new gaming chair and it's lowkey CFY,Just got the new gaming chair and it's really confirming your flex,CFY,playful,ambiguous,False
"I'm taking my bae, a big adorable elephant, to the zoo","I'm taking my baby, a large adorable elephant, to the zoo",BAE,annoyed,edge,True
I'm lowkey bad at gaming,I have a skill issue with video games,Skill Issue,hype,ambiguous,True
I'm unfollowing the fashion blogger,I am unfollowing the fashion blogger on social media to stop seeing their posts,Unfollowing,annoyed,clear,True
I just spent my entire paycheck on video games XD,I just spent my entire paycheck on video games and I am not amused,XD,deadpan,ambiguous,False
I was searching for the WRU@ symbol on my keyboard,I was searching for the where are you at symbol on my keyboard,WRU@,dramatic,clear,True
"This new drop is ED, I need it ASAP","This new release is extremely desirable, I need it as soon as possible",ED,hype,clear,False
You're my inner drive to get through this week,You're my motivation to get through this week,Inner Drive,playful,clear,False
I'm lowkey nervous BRBB if you don't respond,I'm secretly nervous and will be bothered if you don't respond,BRBB,deadpan,edge,False
I just got ratioed so hard on Twitter it's a total FRT,I just got completely humiliated on Twitter it's a total disaster,FRT,dramatic,clear,False
This new skin is straight fire D/L,This new skin is really cool and definitely worth downloading,D/L,hype,clear,False
I just made an impulse buy and asked you to hangout,I spontaneously asked you to hang out on a whim,Impulse Buy,chill,clear,False
I'm checking the IAO options for our trip,I'm checking the International Astronomical Observatory options for our trip,IAO,chill,clear,True
I just got a ticket LOLH my life is so unfair,I just got a ticket and honestly my life is so unfair,LOLH,annoyed,clear,False
You're so extra for thinking I'm into you over VoIP,You're overreacting for thinking I like you just because we talk online,VoIP,playful,edge,False
Lowkey hung out with EM at the mall yesterday,I secretly spent time with them at the mall yesterday,EM,chill,ambiguous,False
My life is a mess WITP,"My life is a mess, what's the point",WITP,dramatic,ambiguous,False
PLS come over tonight,Please come over tonight,PLS,affectionate,clear,False
Smooth move posting that on my birthday,It was really thoughtless of you to post that on my birthday,Smooth Move,annoyed,ambiguous,False
I just hit the reset button on my controller,I just pressed the reset button on my controller,Reset Button,hype,clear,True
I just dropped new fits and got a system update on my whole style,I just bought new clothes and completely changed my fashion sense,System Update,playful,ambiguous,False
Meet you at the park TBC,Meet you at the park to be confirmed,TBC,affectionate,ambiguous,False
I just facepalm at your gameplay,I am extremely frustrated with the way you are playing,Facepalm,annoyed,ambiguous,False
This comment section is the Chaos Core,This comment section is completely chaotic and unpredictable,Chaos Core,playful,edge,False
You're showing some serious keyboard courage by roasting him online,You're being very brave by insulting him on the internet,Keyboard Courage,playful,ambiguous,False
"You're lowkey my CWD, wanna hang out","You are secretly my closest person, want to spend time together",CWD,chill,edge,False
You're totally missing the inside joke with that comment,You don't understand the private humorous reference being made,Inside Joke,annoyed,clear,False
This new policy is totally tweaking my vibe,This new policy is completely ruining my mood,Tweaking,sarcastic,clear,False
"Stop being so extra, BOSMKL is literally every drama channel now","Stop being so dramatic, every YouTube drama channel is now doing the same thing",BOSMKL,annoyed,ambiguous,False
"That's a hot take, dude, saying Mario is better than Link","That's a bold opinion, saying Mario is better than Link",Hot Take,playful,clear,False
Lowkey hungover but my sis is dragging me to brunch,I am secretly hungover but my friend is forcing me to go to brunch,sis,chill,edge,False
U just got destroyed in that last match,You just got completely defeated in that last match,U,dramatic,clear,False
The old warehouse had a gaslight that still worked,The old warehouse had a gaslight that still worked,Gaslight,dramatic,clear,True
You're such a noob for thinking I'd ever go out with you,You're really inexperienced for thinking I'd ever date you,Noob,dramatic,edge,False
ATSITS you actually think that's a good idea,Are you seriously suggesting that's a good idea,ATSITS,sarcastic,ambiguous,False
I was rolling on the floor laughing my ass off,I was literally rolling on the floor laughing my ass off,ROFLMAO,hype,ambiguous,True
"Dude, your gameplay is totally outta pocket","Dude, your gameplay is completely unreasonable and ridiculous",outta pocket,sarcastic,clear,False
You're the main slayer of my heart,You're the most amazing person I've fallen for,main slayer,hype,edge,False
Dude just got an LGH for his gaming setup,Dude just got a lowkey huge upgrade for his gaming setup,LGH,chill,edge,False
Just got rejected from my dream job and I'm ice cold about it,I just got rejected from my dream job and I'm completely unbothered by it,Ice Cold,deadpan,ambiguous,False
I'm low on health so I'm gonna C/P to the next checkpoint,I'm low on health so I'm going to camp and pause to the next checkpoint,C/P,chill,clear,False
This BBN wifi is so slow,This bad broadband network wifi is so slow,BBN,annoyed,clear,False
"I'm so hyped to be doing homework all night, what a vat life","I'm really unhappy to be doing homework all night, what a terrible life",VAT,sarcastic,clear,False
I'm going ghost mode for the weekend,I will be unreachable and unresponsive for the weekend,Ghost Mode,chill,edge,False
"Ugh, my wifi is so bad it's S2S","Ugh, my wifi is so bad it's same to same, not improving at all",S2S,annoyed,ambiguous,False
I just clutched up and got the win DYJHIW,I just managed to win despite playing poorly at first,DYJHIW,hype,clear,False
This team has so many pink flags already,This team is already showing many warning signs of being untrustworthy or toxic,Pink flags,annoyed,clear,False
This post is straight fire and I'm in the Seen Zone,This post is excellent and I've definitely seen it,Seen Zone,hype,clear,False
You're such a JAC for playing video games all night,You're such a joke for playing video games all night,JAC,playful,edge,False
I'm lowkey salty my B/F just teabagged me,I'm annoyed my best friend just teasingly harassed me in the game,B/F,chill,edge,False
This post is straight fire but the comments are the main menu,This post is excellent but the comments are the most interesting part,Main Menu,deadpan,ambiguous,False
"You're really gonna try to flirt with me after ignoring me all week, I'm giving you major side eye",I'm highly skeptical of your sudden interest in me after ignoring me,side eye,sarcastic,ambiguous,False
You're so extra ROTFL,You're being ridiculous and it's hilarious,ROTFL,playful,ambiguous,False
"I'm done with this drama, LYLAS","I'm done with this drama, love you like a sister",LYLAS,dramatic,clear,False
"I just got destroyed by a smurf, NFM","I just got destroyed by a highly skilled player, not my fault",NFM,annoyed,edge,False
That plot twist was GGMSOT and I'm still reeling,"That plot twist was genuinely good, mind-shatteringly outstanding, and I'm still reeling",GGMSOT,dramatic,edge,False
"I'm low on hp, my healing journey starts now","I am low on health points, my recovery process begins now",Healing Journey,dramatic,edge,True
AFAIK she's lowkey coming to the party tonight,"As far as I know, she is secretly planning to come to the party tonight",AFAIK,affectionate,edge,False
I'm lowkey hungover so KMK if I'm late to the party,I'm quietly hungover so kill me if I'm late to the party,KMK,chill,clear,False
You've been living rent free in my head all day,I have been thinking about you constantly all day,Rent free,affectionate,ambiguous,False
I'm lowkey nervous around you,"I feel anxious when I am near you, like a wombat sensing danger",WOMBAT,sarcastic,edge,True
Can you pls stop team killing me PLMK,"Can you please stop team killing me, let me know",PLMK,annoyed,clear,False
You're GTM and I'm lowkey obsessed with you,You're great to me and I'm secretly obsessed with you,GTM,affectionate,clear,False
I'm so bad at this game idk how you guys carry me,I'm really bad at this game and I don't know how you guys manage to help me win,idk,affectionate,clear,False
You're my reset button after a long day,You're the one who helps me start over and feel better,Reset Button,hype,ambiguous,False
You're such a B8 for sending me that funny meme,You're such a sweetheart for sending me that funny meme,B8,affectionate,clear,False
I'm UFWM with this math homework,I am unwilling to do this math homework,UFWM,deadpan,ambiguous,False
You're such a wallflower for not joining the game tonight,You're really shy for not joining the game tonight,Wallflower,playful,clear,False
"This new game is EI, I've been grinding all night!","This new game is extremely intense, I've been playing all night!",EI,hype,ambiguous,False
I'm putting on my game face,I am applying paint to my face for the game costume,Game Face,affectionate,clear,True
"This new gaming chair is TIR, just got it and I'm never leaving my desk!","This new gaming chair is the best, just got it and I'm never leaving my desk!",TIR,hype,ambiguous,False
"This concert is going to be WWNC, can't wait to see them perform live","This concert is going to be what we never could, can't wait to see them perform live",WWNC,hype,clear,False
The tree provided shade af from the sun,The tree provided a lot of shade from the sun,shade af,annoyed,clear,True
I'm overstimulated by all these notifications,I'm feeling overwhelmed by all these alerts,Overstimulated,dramatic,ambiguous,False
"You're a real one for eating that ghost pepper, that's a based take","You're really cool for eating that ghost pepper, that's a great attitude",Based Take,affectionate,ambiguous,False
You're lowkey a legend WITP always dropping fire content,You are a legend with me always posting great content,WITP,affectionate,clear,False
I'm lowkey excited to see you at the X-ray lab tomorrow,I'm secretly excited to see you at the medical imaging lab tomorrow,X,dramatic,clear,True
I just met my Twin Flame at the coffee shop,I just met someone I feel a strong romantic connection with at the coffee shop,Twin Flame,deadpan,clear,False
We've got the Open Road to the finals now that our squad's on fire,We have a clear path to the finals since our team is performing exceptionally well,Open Road,dramatic,ambiguous,False
The nuclear testing site is contaminated,The nuclear testing site is contaminated,NTS,sarcastic,ambiguous,True
I just saw you and I got brain freeze,I just saw you and I was completely stunned,Brain Freeze,dramatic,clear,False
Just had the best night with my BF2,Just had the best night with my best friend forever,BF2,affectionate,ambiguous,False
I'm experiencing a major phase shift after seeing that fire post,That amazing post completely changed my mood and perspective suddenly,Phase Shift,playful,edge,False
My team crushed the quiz and stay winning,My team did extremely well on the quiz and continues to be successful,Stay Winning,deadpan,clear,False
You're UNCRTN the best gamer I know,You're undoubtedly the best gamer I know,UNCRTN,affectionate,clear,False
You're making me unalive with how cute you are,You're making me extremely happy with how cute you are,Unalive,playful,ambiguous,False
Dude is being extra with his complaints,The guy is being excessively annoying with his complaints,EXTRA,annoyed,ambiguous,False
I'm lowkey an early bird and caught a worm at sunrise,I am literally an early bird and caught a worm at sunrise,Early Bird,sarcastic,ambiguous,True
Turn up the music AMAP we're getting this party started,Turn up the music as much as possible we're getting this party started,AMAP,hype,ambiguous,False
DXNRY just clutched that match for us,Our darling just made a great play to win the match for us,DXNRY,affectionate,clear,False
Lowkey think the artist missed the big picture with this mural,I think the artist missed the big picture with this mural,Big Picture,playful,clear,True
I'm so done with this drama RTHX,"I'm so done with this drama, are you though",RTHX,dramatic,clear,False
I just got a sudden boost and now I'm crushing this gaming session,I just got a surprising energy surge and now I'm dominating this gaming session,Sudden Boost,hype,clear,False
I'm so over people trying to ship me and my best friend,I'm tired of people trying to pair me and my best friend romantically,Ship,annoyed,clear,False
"Ugh, stop hitting me up, you're such a fake friend now","Stop contacting me, you're not a real friend anymore",Fake Friend,annoyed,edge,False
You got caught lacking with those weak gaming skills,You were unprepared with those weak gaming skills,Caught Lacking,playful,clear,False
I'm lowkey excited for the GMBA program at Harvard,I am secretly excited for the Graduate Master of Business Administration program at Harvard,GMBA,affectionate,clear,True
"You posted this at bad timing, I'm lowkey hungover","You posted this at an unfortunate time, I'm feeling a bit unwell",Bad Timing,affectionate,ambiguous,False
I'm getting an inbox overflow with all these sick gaming invites,I'm receiving a large number of exciting gaming invitations,Inbox Overflow,hype,clear,False
You're such a SAL for sending me that funny meme,You're such a silly awesome loser for sending me that funny meme,SAL,affectionate,clear,False
"This win is THT, we just destroyed their team","This win is the highlight of the match, we just destroyed their team",THT,hype,clear,False
This new video game is a total drag to wait for,This new video game is so boring to wait for,Drag,hype,ambiguous,False
You're lowkey the best and I'm sending you MUAH,You're secretly the best and I'm sending you lots of love,MUAH,affectionate,ambiguous,False
You're being super DFL for not knowing that already,You're being really clueless for not knowing that already,DFL,annoyed,clear,False
You're so extra for thinking I'd BYOB to your party,You're being dramatic thinking I'd bring my own boyfriend to your party,BYOB,sarcastic,edge,False
hit me up wan2tlk about that new game,let's talk about that new game,WAN2TLK,chill,ambiguous,False
You're lowkey my LOTI for helping me with that math problem,You're secretly my lord of the internet for helping me with that math problem,LOTI,affectionate,clear,False
"I'm going to the party anyway, IDC what you think","I'm going to the party anyway, I don't care what you think",IDC,playful,clear,False
I'm lowkey excited bc you're coming over tonight,I'm quietly excited because you're coming over tonight,BC,affectionate,edge,False
This new drop is boosted and I need it now,This new release is greatly exaggerated and I need it immediately,Boosted,dramatic,clear,False
"I'm living that abundance mindset, no cap",I have a very positive and generous outlook on life,Abundance Mindset,chill,edge,False
I'm trying to fit into this suitm for the wedding,I'm trying to fit into this suit for the wedding,SUITM,sarcastic,edge,True
The most handsome otter of the year is MHOTY,The most handsome otter of the year is the most handsome otter of the year,MHOTY,hype,ambiguous,True
"I just got destroyed, what a great RMLB player I am","I just got destroyed, what a great player I am, not really",RMLB,sarcastic,clear,False
You're way ahead if you think I'm that easy to get,You're overestimating yourself if you think I'm that easily won over,Way Ahead,playful,ambiguous,False
You're seriously URSKTM if you think I'll fall for you,You're seriously out of your skull if you think I'll fall for you,URSKTM,dramatic,clear,False
"You really think that's a good idea, it's gonna wipe out your whole weekend","You really think that is a good idea, it will completely ruin your whole weekend",Wipe Out,sarcastic,clear,False
"This is the key moment, will you go to prom with me","This is the most important moment, will you go to prom with me",Key Moment,dramatic,clear,False
You're lowkey New Money to me,You are secretly very attractive to me,New Money,affectionate,edge,False
"Just dropped the most fire track ever, TL;DR it's a game changer","I just released a very exciting new song, it is extremely significant",TL;DR,hype,ambiguous,False
"Dude's been team killing me all game, guess we have a Karmic Relationship now","This guy has been attacking me on purpose all game, supposedly we're even now",Karmic Relationship,sarcastic,edge,False
"You got destroyed, GGU2 for trying though","You got destroyed, good game too for trying though",GGU2,sarcastic,clear,False
You're such a tea spiller for posting that drama,You're revealing all the juicy gossip by posting that information,Tea Spiller,playful,ambiguous,False
I'm taking a deep breath and somehow still expected to care,I am being forced to tolerate this and remain calm,Deep Breath,sarcastic,edge,False
I need to see you RFN and grab some coffee,I need to see you right now and grab some coffee,RFN,playful,clear,False
"I'm so done with this homework, yarly I have better things to do",I'm extremely annoyed that I have to do this homework when I have better things to do,YARLY,annoyed,ambiguous,False
This comment section is a total SNAFU,This comment section is completely chaotic and confusing,SNAFU,deadpan,clear,False
"I'm feeling so done with this drama, it's been going on for weeks and I'm literally IMTM",I am extremely tired of this situation and at my wit's end,IMTM,dramatic,ambiguous,False
Can you wrap it up with the drama already,Can you please stop creating such a fuss now,Wrap It Up,sarcastic,edge,False
"This drop is fire, UGTBK when it releases!","This release is exciting, you gotta be kidding when it comes out!",UGTBK,hype,ambiguous,False
You're being super extra and now I'm in dark mode,You're being overly dramatic and now I'm annoyed,Dark Mode,annoyed,clear,False
My aunt is such a gal for lending me her car,My aunt is really cool for lending me her car,GAL,chill,edge,False
That movie was so boring NT,That movie was so boring and that's not true,NT,deadpan,clear,False
The firework was bussin and exploded into a thousand pieces,The firework was exploding and broke into a thousand pieces,Bussin,affectionate,ambiguous,True
"This party is so SQ, just a bunch of people standing alone","This party is extremely boring, with everyone standing alone",SQ,sarcastic,ambiguous,False
I'm lowkey hyped to bang 30s at the skatepark today,I'm quietly excited to do thirty tricks in a row at the skatepark today,Bang 30s,playful,clear,False
"Dude, I just ate a whole pizza by myself, that's TMI I know","Dude, I just ate a whole pizza by myself, that's too much information I know",TMI,dramatic,clear,False
Your post just changed the whole game plan,Your post completely altered my strategy or approach,Game Plan,dramatic,ambiguous,False
You're soft launching our relationship on the gram,You're subtly posting about us on Instagram without directly admitting we're dating,Soft Launching,playful,ambiguous,False
I'm lowkey entering my Productivity Era,I am somewhat starting to be highly productive,Productivity Era,playful,ambiguous,False
I threw so shade at that tree it blocked the whole window,I threw so much shade at that tree it blocked the whole window,so shade,hype,ambiguous,True
I'm going to stay winning at this chess tournament,I will continue to achieve victory at this chess competition,Stay Winning,playful,clear,True
Can you please stop sharing NSFW gamer tags in chat,Can you please stop sharing inappropriate gamer tags in chat,NSFW,annoyed,ambiguous,False
You're living rent free in my head 24/7,You're always on my mind,rent free,hype,ambiguous,False
"You're always on the main menu, sis","You're always my top priority, sister",Main Menu,affectionate,edge,False
"I'm so done with this test, SYL I'm literally failing","I'm so done with this test, see you later I'm literally failing",SYL,sarcastic,edge,False
"I'm so done with this homework, it's all the same stuff ATSITS","I'm so done with this homework, it's all the same stuff all the time",ATSITS,annoyed,clear,False
This protest is the key moment we've been waiting for,This protest is the crucial turning point we have been waiting for,Key Moment,dramatic,edge,False
I'm lowkey hungover and my j00r is killing me,I'm quietly hungover and my head is killing me,j00r,deadpan,clear,False
You're gonna choke me with all these cute pics,You're overwhelming me with all these adorable pictures,Choke,affectionate,clear,False
"You're the real OJ, always lowkey hyping me up","You're the real one, always quietly supporting me",OJ,affectionate,edge,False
"You're being super TBL about this, can't you just talk to me","You're being too bothered to listen about this, can't you just talk to me",TBL,annoyed,edge,False
EYC I just spilled coffee all over my shirt,"Ugh, I just spilled coffee all over my shirt",EYC,annoyed,clear,False
I just got RX'd by my ex in front of everyone,I just got rejected by my ex in front of everyone,RX,dramatic,clear,False
The main plot of the story is so fire,The main plot of the story is very exciting,Main Plot,dramatic,clear,True
"I'm so excited to do homework, NADT","I'm not actually doing that, I'm just saying it to sound cooperative",NADT,sarcastic,edge,False
My big sis is RHIP so she gets the aux,My big sister is in charge so she gets to control the music,RHIP,playful,clear,False
"You're my notification ping, I get butterflies every time I see your name",You're the one I get excited to hear from,Notification Ping,playful,ambiguous,False
"This drop is RTRMT, can't wait to cop it","This release is really the real deal, can't wait to buy it",RTRMT,hype,ambiguous,False
"I'll be late, no need to wait, ILBL8","I will arrive after the expected time, do not wait for me",ILBL8,deadpan,edge,False
Dude just used a minigun in a sniper match OK boomer,"That guy is ridiculously using a minigun in a sniper match, which is outdated thinking",OK boomer,hype,clear,False
You're doing YCLIU by posting that again,"You're doing you, completely ignoring us by posting that again",YCLIU,annoyed,ambiguous,False
I'm lowkey obsessed with you btw,"I have a strong but subtle obsession with you, by the way",BTW,chill,clear,False
LMAO you're the best for posting this,"I'm laughing out loud, you're amazing for sharing this",LMAO,affectionate,ambiguous,False
"Great advice, DYFI and see how that works out","Great advice, do you follow your own advice and see how that works out",DYFI,sarcastic,ambiguous,False
I'm gonna crash out after this exam,I'm going to fall asleep immediately after this exam,Crash Out,deadpan,ambiguous,False
I'm meeting the SK8RBOI who fell off his board,I'm meeting the skateboarder who fell off his board,SK8RBOI,sarcastic,ambiguous,True
I'm lowkey studying the SYL of this ancient tree,I'm secretly studying the style of this ancient tree,SYL,dramatic,ambiguous,True
You're so goofy I'm low-key obsessed,You're really funny and I'm secretly obsessed with you,goofy,hype,clear,False
I just met my Twin Flame at the mall food court,I just met someone incredibly similar to me at the mall food court,Twin Flame,sarcastic,ambiguous,False
I'm getting destroyed but BBIAM I'm still gonna clutch this.,I'm getting destroyed but I'm definitely going to somehow win this.,BBIAM,hype,ambiguous,False
You're such a GGE1 for sharing this,You're such a good game editor for sharing this,GGE1,affectionate,edge,False
"This post is hagn, no one asked for your opinion","This post is annoying, no one asked for your opinion",HAGN,deadpan,ambiguous,False
YHBT we just scored tickets to Billie Eilish,"You have been trolled, we actually didn't get tickets to Billie Eilish",YHBT,hype,ambiguous,False
"no cap, that demo was a dry run",the demonstration was a practice exercise with no actual implementation,Dry Run,affectionate,edge,True
Lowkey having battery anxiety about my phone dying,I am slightly worried that my phone's battery will run out,Battery Anxiety,playful,edge,False
Dude the party had a major vibe shift when the cops showed up,The party's atmosphere changed completely when the police arrived,Vibe Shift,dramatic,ambiguous,False
I'm at inbox zero with your excuses,I have had enough of your excuses,Inbox Zero,annoyed,clear,False
I just got BF2 by my ex again,I just got betrayed by my ex again,BF2,sarcastic,clear,False
You're such a dam for saving me from that gank,You're such a lifesaver for saving me from that ambush,DAM,affectionate,edge,False
"Great advice, now I've got the open road to fail without any guidance","Great advice, now I have complete freedom to make mistakes without any help",Open Road,sarcastic,ambiguous,False
"That new activist is such an SJW, totally fighting for the cause!","That new activist is a social justice warrior, totally fighting for the cause!",SJW,hype,clear,False
I'm literally shaking because I just saw my OB walking down the hallway,I'm extremely nervous because I just saw my obsessive boyfriend walking down the hallway,OB,dramatic,clear,False
"This party is L2K, just a bunch of people standing around","This party is lame, just a bunch of people standing around",L2K,deadpan,ambiguous,False
"Haters gonna hate, kys","Haters are going to hate, go kill yourself",KYS,chill,clear,False
That respawn was total foreshadowing you were gonna get picked,That respawn was a clear sign you were going to get killed,Foreshadowing,affectionate,clear,False
"That new game is ong, I'm lowkey addicted","That new game is extremely good, I'm secretly addicted",ong,chill,clear,False
I'm high-key looking at the ladder on the wall,I am openly and obviously examining the ladder on the wall,High-Key,affectionate,ambiguous,True
I'm lowkey salty about the no-scopes,The underconsumption of health packs is making our team struggle in this match,Underconsumption,deadpan,clear,True
"You just did a trust fall with that take, totally out of touch",Your opinion is completely unreasonable and lacks common sense,Trust Fall,annoyed,edge,False
I just got destroyed by a noob bruh,I just got defeated by a beginner in a surprising manner,Bruh,dramatic,clear,False
I'm DBAU about the new movie,I'm genuinely excited about the new movie,DBAU,deadpan,ambiguous,False
This post is straight fire and brings back core memory vibes,This post is excellent and reminds me of fond childhood memories,Core Memory,affectionate,edge,False
"Great advice, thanks for sharing, T:)T","Great advice, thanks for sharing, totally not helpful at all",T:)T,sarcastic,clear,False
I'm trying to study but you're posting YOLO vacation pics,I am trying to study but you are posting reckless vacation pictures,YOLO,annoyed,ambiguous,False
I'm unfollowing the drama between them,I'm ignoring the conflict between them,Unfollowing,annoyed,clear,False
"You're lowkey fire, watch out, I'm gonna ask you out","You're really attractive, I'm going to ask you out",Watch Out,chill,clear,False
I'm going to the movies w/o my squad,I'm going to the movies without my friends,W/O,deadpan,ambiguous,False
You're yelling at me for nothing YYSSW,You're yelling at me for nothing and it's so whack,YYSSW,dramatic,clear,False
I'm so CSS about our team's strategy,I'm extremely frustrated about our team's strategy,CSS,deadpan,clear,False
This aesthetic is giving me total Fairycore vibes,This style is completely evoking a whimsical and romantic atmosphere,Fairycore,dramatic,ambiguous,False
BGWM just dropped the most basic gaming setup,The best gamer in the world just revealed a really unimpressive gaming setup,BGWM,sarcastic,ambiguous,False
I just found out my fave artist is touring and TILIS I'm definitely going,I just found out my favorite artist is touring and that's literally the icing on my life,TILIS,dramatic,clear,False
You're going top speed with that smile,Your smile is incredibly charming and attractive,Top Speed,affectionate,ambiguous,False
I'm in high spirits after acing that exam,I'm feeling very happy and optimistic after passing that test,High Spirits,chill,clear,False
"You're being super slow to respond, jja","You're being really slow to respond, seriously",JJA,annoyed,ambiguous,False
You're being super extra MTF about the new policy,You're being overly dramatic and excessively upset about the new policy,MTF,annoyed,clear,False
You're lowkey the best OVA here,You're secretly the best one over here,OVA,affectionate,edge,False
You're lowkey a ban for making me feel all giddy inside,You're kind of amazing for making me feel really happy and nervous,Ban,affectionate,edge,False
"Stop sliding into my DMs FYEO, I'm busy","Stop sending me private messages for your eyes only, I'm busy",FYEO,annoyed,edge,False
You're lowkey fire and I'm WOA about it,You're secretly amazing and I'm completely overwhelmed by it,WOA,deadpan,clear,False
I just got destroyed by a noob and it was a total GOL,I just got defeated by a beginner and it was a complete embarrassment,GOL,playful,clear,False
This old video game is core mood,This old video game perfectly captures my current emotional state,Core Mood,playful,edge,False
"This noob's strategy is so extra, totally SUITM for a toxic player",This beginner's strategy is inappropriate for a hostile player,SUITM,chill,ambiguous,False
I saw your post on BookTok,I saw your book review on TikTok,BookTok,deadpan,ambiguous,False
I'm lowkey salty they invited EM to the party and not me,I'm secretly upset they invited them to the party and not me,EM,dramatic,edge,False
I'm lowkey nervous but I think you're cool on god,I'm a little nervous but I think you're cool and I'm being honest,On god,chill,clear,False
I'm lowkey excited for the AWC tournament,I'm slightly excited for the American Wrestling Council tournament,AWC,playful,clear,True
That new vid is lowkey fire itam,That new video is secretly very good in my opinion,ITAM,chill,edge,False
I'm such a completionist I need to watch every episode,I need to watch every episode to feel satisfied,Completionist,chill,clear,False
I'm locked in on this math homework and I'm so over it,I am completely focused on this math homework and I am very annoyed,locked in,annoyed,ambiguous,False
You're VGC and I'm lowkey excited to see you tomorrow,You're very good company and I'm secretly excited to see you tomorrow,VGC,deadpan,clear,False
I need a T4BU to fix my car,I need a table for beginners to understand to fix my car,T4BU,affectionate,clear,True
You're the best SWAK,"You're the best, sealed with a kiss",SWAK,affectionate,edge,False
I love watching you do your Hot Girl Walk around campus,I love watching you confidently walk around campus,Hot Girl Walk,affectionate,clear,False
I'm so extra today Mom,"I'm being overly dramatic today, honestly",Mom,deadpan,clear,False
You're so drip I forgot to breathe,You're extremely attractive and I'm completely caught off guard,so drip,deadpan,ambiguous,False
I need to beat your face with this new makeup brush,I need to apply makeup to your face with this new brush,Beat your face,chill,ambiguous,True
I just saw my BFG crush walking down the hall,I just saw the person I have a huge crush on walking down the hall,BFG,deadpan,ambiguous,False
I need you to text me back RSN,I need you to text me back right now,RSN,hype,ambiguous,False
Lowkey got a strong signal this new artist is about to blow up,I quietly have a strong feeling this new artist is about to become very popular,Strong Signal,chill,edge,False
You're being so unserious about us,You're not taking our relationship seriously,Unserious,playful,ambiguous,False
You're putting me on offline mode with your mixed signals,You're confusing me with your mixed signals and not being clear,Offline Mode,annoyed,edge,False
You're such a pick me girl for always defending him,You always defend him so eagerly,Pick me girl,affectionate,ambiguous,False
This new video game is BOM,This new video game is extremely good,BOM,chill,clear,False
I've been glazing over my ex's posts all day,I've been mindlessly scrolling through my ex's social media posts all day,glazing,dramatic,clear,False
You're taking our vibe to the next level tonight,You're making our relationship much more exciting and intense tonight,Next Level,dramatic,clear,False
"This drop is MRT, I need it now","This release is mentally ready to trend, I need it now",MRT,hype,clear,False
You got GB for trying to clutch that,You deserve respect for trying to win that difficult game,GB,playful,ambiguous,False
He's got pink flags all over his profile,There are many warning signs in his online profile that suggest he's untrustworthy,Pink flags,dramatic,edge,False
I'm low-key hyped to meet you F2F soon,I'm quietly excited to meet you in person soon,F2F,hype,clear,False
AAMOF I'm just gonna stay home and play video games,"Actually, I'm just going to stay home and play video games",AAMOF,deadpan,clear,False
"We just got destroyed by the noobs we beat last match, what a full circle","We just got defeated by the beginners we previously beat, which is ironic",Full Circle,playful,clear,False
You got the W with that new haircut,"You won or succeeded with that new haircut, it looks great on you",W,affectionate,ambiguous,False
Does anyone eat the free pizza in the break room?,Does anyone eat the free pizza in the break room?,DAE,deadpan,clear,True
I'm lowkey freaking out EM is coming over tonight,I'm secretly freaking out because my enemy is coming over tonight,EM,dramatic,ambiguous,False
I just clutched that 1v3 with super style,I just won that one against three opponents with exceptional skill,super style,dramatic,ambiguous,False
"This game is so JV, I'm shocked they didn't lose","This game is so poorly played, I'm shocked they didn't lose",JV,dramatic,clear,False
You're doing great UR2YS4ME,You're really not doing well at all,UR2YS4ME,sarcastic,clear,False
"You need a reality check, you're perfect","You should realize, you are perfect",Reality Check,affectionate,clear,False
This new gaming headset is the Next Big Thing,This new gaming headset is the most exciting and popular thing right now,Next Big Thing,playful,edge,False
That player's movements are sus,That player's movements seem suspicious,sus,deadpan,clear,False
I'm lowkey hungover so I'm fit spo for the gym,I'm somewhat hungover so I'm not suitable for the gym,Fit Spo,deadpan,edge,False
I'm lowkey excited it's finally Glow Season,I'm slightly excited it's finally the best time of year,Glow Season,deadpan,clear,False
Dude just noise cancel the whole team they're so toxic,Dude just ignore the whole team they're really annoying,Noise Cancel,chill,ambiguous,False
You threw a sneak diss at my fit last night,You made a subtle insult about my outfit last night,Sneak Diss,chill,clear,False
"I'm low-key missing you, can you FaceTime me later","I'm quietly missing you, can we video call later",FaceTime,affectionate,clear,False
I just spent all day playing games and I'm such a derp for forgetting dinner,I just spent all day playing games and I'm foolish for forgetting dinner,DERP,playful,clear,False
This party is DNC so I'm staying home,This party is do not care so I'm staying home,DNC,deadpan,clear,False
You were my turn point in high school,You were the person who changed my life for the better in high school,Turn Point,affectionate,clear,False
"This game is total Simulation Theory, right?","This game feels incredibly realistic, doesn't it?",Simulation Theory,chill,clear,False
Shoutout to you for finally posting something interesting,Thanks for finally posting something worth reading,Shoutout,sarcastic,edge,False
I'm lowkey salty you got tickets to the festival THT,I'm secretly upset you got tickets to the festival that everyone is talking about,THT,playful,edge,False
I'll be thinking of u 2moro,I will be thinking of you tomorrow,2MORO,dramatic,clear,False
We will play this game 4EVA because the new DLC has a four-ever changing landscape,We will play this game forever because the new DLC has a forever changing landscape,4EVA,deadpan,ambiguous,True
I'm booking a flight to Tokyo because you only live once,I'm booking a flight to Tokyo because you only live once,YOLO,chill,ambiguous,True
I'm outta here 88,"I'm leaving now, goodbye",88,playful,ambiguous,False
I had to SorG my grandma's attic and found old trunks,I had to sort my grandma's attic and found old trunks,SorG,dramatic,edge,True
DILLIGAF about your opinion on the new movie,I do not care about your opinion on the new movie,DILLIGAF,deadpan,clear,False
I'm buying those new kicks on sight,I'm buying those new shoes as soon as I see them,On Sight,hype,clear,False
"Ugh, I had to deal with my lil bro all day, what a GGOH","Ugh, I had to deal with my little brother all day, what an annoyance",GGOH,annoyed,ambiguous,False
"This party is going to be AO, can't wait to see you there!","This party is going to be amazing, can't wait to see you there!",AO,hype,clear,False
"This homework is 4NR, can't wait to do it","This homework is for no reason, can't wait to do it, not",4NR,sarcastic,clear,False
"You're a total Bright Mind, can't stop thinking about you","You're really smart, can't stop thinking about you",Bright Mind,playful,clear,False
"Dude, that sick no-scope was archived by the whole team instantly",That amazing shot was immediately recorded and saved by the entire team,Archived,hype,ambiguous,False
I'm trying to fix the AOYP on my bike,I'm trying to fix the area of outer yawning possibility on my bike,AOYP,sarcastic,edge,True
I just got destroyed by a no-scope and I'm DBAU,I just got destroyed by a no-scope and I'm done playing for now,DBAU,dramatic,edge,False
OMGYG2BK you're so cute,"Oh my god you've got to be kidding, you're so cute",OMGYG2BK,affectionate,clear,False
Just gave my bae a balance check,I just checked in on my significant other to see how they're doing,Balance Check,affectionate,clear,False
The firefighter was wylin with the hose to put out the flames,The firefighter was going wild with the hose to put out the flames,Wylin,dramatic,edge,True
You need to rebrand yourself after that fail,You need to change your image after that mistake,Rebrand Yourself,chill,clear,False
I'm dying over here WIU this is the most iconic post ever,"I am extremely amused and this is the most iconic post ever, whatever it is",WIU,dramatic,clear,False
"This new drop is BTA, you need to cop it now","This new release is better than average, you need to buy it now",BTA,hype,clear,False
I just got a severe case of OMS from eating that spicy burrito,I just got a severe case of Osteomyelitis from eating that spicy burrito,OMS,affectionate,clear,True
You're making money moves without me again,You're making profitable decisions without including me again,Money Moves,annoyed,clear,False
UHGTBSM I just saw my crush with someone else,You have got to be seriously messing with me I just saw my crush with someone else,UHGTBSM,dramatic,clear,False
You're lowkey my favorite person and we move no matter what,You're secretly my favorite person and we support each other no matter what,We Move,affectionate,edge,False
This rainy day is big mood,This rainy day perfectly captures my current emotional state,Big Mood,deadpan,ambiguous,False
The locomotive is the hype train for the festival,The locomotive is the exciting train for the festival,Hype Train,annoyed,clear,True
This traffic is peak time,This traffic is extremely frustrating,Peak Time,annoyed,clear,False
I'm lowkey experiencing zoom fatigue after hours of online classes,I am feeling extremely tired after spending hours in virtual meetings,Zoom Fatigue,chill,ambiguous,False
"This party is gonna be 2N8, everyone's gonna be there","This party is going to be too late, everyone is going to be there",2N8,dramatic,clear,False
"You're so extra, I'm ROFLMAO just thinking about you","You're so funny, I'm laughing out loud just thinking about you",ROFLMAO,affectionate,clear,False
"If you're coming to the party, LMK","If you're coming to the party, let me know",LMK,deadpan,clear,False
I'm lowkey struggling to find my Inner Fire for this project,I'm quietly having trouble finding my passion for this project,Inner Fire,chill,edge,False
You are OTFL and I love your post,You are outrageously funny and I love your post,OTFL,affectionate,clear,False
"That new gamer is so EWG, always rage quitting","That new gamer is extremely whiny, always rage quitting",EWG,playful,edge,False
Just found my Inner Fire and I'm crushing this exam season,I just found my internal motivation and I'm doing really well on my exams,Inner Fire,hype,edge,False
"I'm so done with this homework, it's KIA","I'm so done with this homework, it's killed in action or totally ruined",KIA,deadpan,clear,False
"Just got ghosted again, btdt","Just got ghosted again, been there done that",BTDT,chill,edge,False
"I just got destroyed by a no scope, what a PZA","I just got destroyed by a long shot, what a painful zoning accident",PZA,playful,ambiguous,False
We're going all out tonight WWYC,"We're going all out tonight, what's wrong with you",WWYC,hype,clear,False
you're lowkey cute k/b,"you're kind of cute, to be honest",k/b,playful,ambiguous,False
You're so level headed for handling that drama without losing it,You're very calm and sensible for dealing with that situation without getting upset,Level Headed,dramatic,clear,False
Meeting up later is TBD,Meeting up later has not been decided yet,TBD,deadpan,clear,False
"I'm doing a soft reboot tonight, aka binge watching Netflix alone",I'm spending the evening alone at home watching television,Soft Reboot,sarcastic,clear,False
"You just asked my ex out, big yikes","You just asked my ex out, that's really bad and uncomfortable",Big Yikes,hype,edge,False
I'm gonna respawn my whole day after this raid,I'm going to start my day over after this gaming session,Respawn,deadpan,ambiguous,False
"You're such a red pill, always telling me the harsh truth","You're such a honest friend, always telling me the harsh truth",Red Pill,affectionate,clear,False
MGMT just dropped and it's straight fire,The management team has just made an exciting announcement,MGMT,hype,ambiguous,False
"Nice try noob, see you TAFN","Nice try novice, I will see you when I feel like it, not anytime soon",TAFN,sarcastic,ambiguous,False
I'm ghosting this convo GNITE,I'm leaving this conversation for the night,GNITE,dramatic,ambiguous,False
You're taking this conversation to the fast lane with all these extra questions,You're overcomplicating this conversation with too many unnecessary questions,Fast Lane,annoyed,ambiguous,False
Thanks for showing up late TYSO,Thanks for showing up late to your own situation,TYSO,sarcastic,clear,False
"You're taking a side path with this post, but I'm here for it","You're going off topic with this post, but I still support you",Side Path,affectionate,ambiguous,False
You're always on my main feed,I often think about you and see your posts,Main Feed,chill,ambiguous,False
"YHBT, I just got destroyed in this raid","You have been terminated, I just got destroyed in this raid",YHBT,hype,ambiguous,True
Your post gave me major Echo Effect,Your post really resonated with me and stuck in my head,Echo Effect,affectionate,ambiguous,False
My vision board is manifesting a lit summer,I have a clear plan for an amazing summer,Vision Board,dramatic,clear,False
This party is lit imo,This party is supposedly fun in my opinion,imo,sarcastic,ambiguous,False
I got receipts check on him trying to cheat,I have proof that he tried to cheat on me,Receipts Check,playful,edge,False
I'm OATUS after binge-watching my favorite show,I'm out of time and space after binge-watching my favorite show,OATUS,chill,clear,False
"I just got an A on that exam, what a total shred","I just got an A on that exam, what a complete disaster or failure, not at all",Shred,sarcastic,clear,False
This noob is AOTA again,This beginner is ahead of the average player again,AOTA,annoyed,clear,False
This no-scope is smol but I just clutched the whole game,This shot was small but I just won the entire game,Smol,hype,ambiguous,False
This new video game is NFWS for my productivity,This new video game is not fit for work or school for my productivity,NFWS,playful,ambiguous,False
I'm experiencing major CFS after binge-watching that show,I'm extremely tired after binge-watching that show,CFS,deadpan,clear,False
"I'm a blank slate for the weekend, what's poppin","I have no plans for the weekend, what's happening",Blank Slate,chill,edge,False
I'm lowkey salty WRT your new gaming setup,I am slightly upset about your new gaming setup,WRT,affectionate,edge,False
I'm having a major creative block with this TikTok vid,I'm completely out of ideas for this TikTok video,Creative Block,deadpan,edge,False
"Watch out, I'm actually going to study for this test",I'm surprisingly going to put in effort for this test,Watch Out,sarcastic,clear,False
Just got the latest tea and I'm due for a System Update,I just heard the newest gossip and I need to update my knowledge,System Update,hype,clear,False
I'm so pressed you finally showed up,I'm extremely annoyed you arrived so late,pressed,sarcastic,ambiguous,False
Your comeback is the ultimate Growth Arc,Your recovery is the most impressive transformation,Growth Arc,dramatic,clear,False
I'm lowkey busy today but NW I can meet you tonight,I'm quietly busy today but I'm free now so I can meet you tonight,NW,chill,clear,False
"I'm NMH about the loss, let's just retry","I'm not mad here, let's just retry",NMH,chill,edge,False
I'm getting brain freeze thinking about asking you out,I'm getting nervous thinking about asking you out,Brain Freeze,chill,ambiguous,False
I'm dead TU the new album drop,I'm extremely excited about the new album release,TU,dramatic,clear,False
You just posted the same thing three times LOLWTF,"You just posted the same thing three times, what is wrong with you",LOLWTF,annoyed,clear,False
Wanna meet IRL and see if we vibe MIRL too,Want to meet in person and see if we get along in real life as well,MIRL,playful,clear,False
"Dude, take a chill pill, I'm just joking","Calm down, I was just kidding",Chill Pill,sarcastic,clear,False
The fireworks are gonna come alive when we win this raid,The fireworks are going to start working when we win this raid,Come Alive,annoyed,clear,True
You're benching me hard,You're keeping me as an option without making a commitment,Benching,affectionate,ambiguous,False
My brother is such a KOC for eating all the leftovers,My brother is such a king of chaos for eating all the leftovers,KOC,deadpan,clear,False
You're going viral SUYF that new gaming clip is insane,You're going viral see you up front that new gaming clip is insane,SUYF,hype,clear,False
You're a real 459 for helping me move,You're a true friend for helping me move,459,affectionate,edge,False
I hope the graphics library 2 you is helpful,I hope the graphics library 2 you is helpful,GL2U,dramatic,clear,True
I'm so tired of doing JP on this math homework,I'm so tired of doing jealousy-proofing on this math homework,JP,sarcastic,clear,False
I'm lowkey hungover but that party was BOL last night,I'm secretly hungover but that party was really fun last night,BOL,playful,ambiguous,False
You really thought that joke was fire but it ate af,You really thought that joke was good but it completely fell flat,ate af,sarcastic,edge,False
My birth chart is fire today,I am having a very good day astrologically,Birth Chart,hype,clear,False
I'm lowkey entering my Productivity Era,I am quietly becoming very productive and efficient,Productivity Era,affectionate,ambiguous,False
I'm lowkey excited for the UDM meeting tonight,I'm secretly excited for the User Data Management meeting tonight,UDM,annoyed,ambiguous,True
This take is KDFU and I'm living for it,This opinion is completely insane and I thoroughly enjoy it,KDFU,deadpan,ambiguous,False
I'm living my best soft launch life and I'm lowkey loving it,I'm quietly and casually dating someone and it's going great,Soft Launch Life,hype,ambiguous,False
Your post come alive when you dropped that fire verse,Your post became extremely exciting when you added that impressive verse,Come Alive,dramatic,edge,False
I just got a weird error code E123 on my router,I just got a weird error code E123 on my router,E123,chill,edge,True
I'm on a healing journey after binge-watching my ex's stories,I'm recovering after looking at my ex's social media posts,Healing Journey,deadpan,clear,False
Just watched the whole season and I'm still not over the BBN,I'm still not over the big brother naija reality show,BBN,deadpan,ambiguous,False
I had to code switch with my grandma on the phone,I had to change my language and behavior to fit in with my grandma,Code Switch,chill,edge,False
I'm dead TTTT after binge-watching that new series,I'm extremely tired after binge-watching that new series,TTTT,playful,ambiguous,False
You're lowkey fire AYOR,You're secretly amazing and always on my radar,AYOR,hype,clear,False
